{
	"金币权值":[	
	{"item":"大地结晶"		,"price":"1000"	,"weight":"2"},
	{"item":"风速结晶"		,"price":"1000"	,"weight":"2"},
	{"item":"坚韧结晶"		,"price":"1000"	,"weight":"2"},
	{"item":"力量结晶"		,"price":"1000"	,"weight":"3"},
	{"item":"幸运结晶"		,"price":"1000"	,"weight":"4"},
	{"item":"武器原石"		,"price":"2000"	,"weight":"3"},
	{"item":"大地结晶x3"	,"price":"3000"	,"weight":"4"},
	{"item":"风速结晶x3"	,"price":"3000"	,"weight":"4"},
	{"item":"坚韧结晶x3"	,"price":"3000"	,"weight":"4"},
	{"item":"力量结晶x3"	,"price":"3000"	,"weight":"3.75"},
	{"item":"幸运结晶x3"	,"price":"3000"	,"weight":"3.75"},
	{"item":"武器晶石"		,"price":"4000"	,"weight":"5"},
	{"item":"武器原石x3"	,"price":"6000"	,"weight":"6"},
	{"item":"大地结晶x9"	,"price":"9000"	,"weight":"7"},
	{"item":"风速结晶x9"	,"price":"9000"	,"weight":"8"},
	{"item":"坚韧结晶x9"	,"price":"9000"	,"weight":"7"},
	{"item":"力量结晶x9"	,"price":"9000"	,"weight":"6"},
	{"item":"幸运结晶x9"	,"price":"9000"	,"weight":"5"},
	{"item":"武器晶石x3"	,"price":"12000"	,"weight":"3"},
	{"item":"锻制玄铁"		,"price":"12000"	,"weight":"3"},
	{"item":"武器晶玉"		,"price":"16000"	,"weight":"3"},
	{"item":"武器原石x9"	,"price":"18000"	,"weight":"3"},
	{"item":"大地结晶x20"	,"price":"20000"	,"weight":"2"},
	{"item":"风速结晶x20"	,"price":"20000"	,"weight":"2"},
	{"item":"坚韧结晶x20"	,"price":"20000"	,"weight":"2"},
	{"item":"力量结晶x20"	,"price":"20000"	,"weight":"2"},
	{"item":"幸运结晶x20"	,"price":"20000"	,"weight":"2"},
	{"item":"初级熔炼剂"		,"price":"24000"	,"weight":"1.3"},
	{"item":"锻制玄铁x2"	,"price":"24000"	,"weight":"1"},
	{"item":"次级熔炼剂" 	,"price":"36000"	,"weight":"0.5"},
	{"item":"武器晶石x9"	,"price":"36000"	,"weight":"0.2"}
	]
}
